Name,Email,Phone,Description
"Dr. Golden Hackett V",cicero36@yahoo.com,"+1 (830) 308-3829","Id ullam ipsa iusto expedita qui dolorem eaque rem. Non cupiditate qui ad nostrum non possimus."
"Miss Maximillia Auer",kirlin.mathilde@hickle.com,+16786625393,"Eius et necessitatibus porro debitis. Quo ad similique possimus ex quasi."
"Mrs. Aleen Corwin V",mrodriguez@muller.net,"+1 (931) 409-7871","Qui dolores dolores beatae voluptatem. Eos nihil asperiores ipsa unde sit eveniet aut. Nam nulla et corporis aut beatae et omnis. Sit debitis et minima."
"Guy Kling",medhurst.london@fahey.com,+1-539-360-6274,"Quia exercitationem est dolores. Modi nihil id et. Molestiae ut ipsam incidunt ut cupiditate ab."
"Julius Rohan",ankunding.vincenzo@gmail.com,440-864-9991,"Natus harum tempore sapiente sequi. Hic et eos ut possimus nisi perspiciatis. Aliquid expedita tempora omnis sit."
"Odell Lueilwitz",bbrakus@hotmail.com,"+1 (970) 579-7970","Enim provident quam amet molestias aut maiores. Adipisci quae explicabo iusto provident rerum pariatur. Ea consequatur culpa iste excepturi a at."
"Devon Kuphal",colt.glover@gmail.com,682.830.4435,"Illo voluptatem placeat quo repellat quod. Ut placeat est eum adipisci reprehenderit. Qui aut quia porro omnis. Corporis saepe possimus incidunt soluta. Nobis ut qui nobis perspiciatis error."
"Maverick Buckridge PhD",murphy92@roob.com,267.679.4620,"Velit natus facilis ea alias. Doloribus distinctio corporis quo fugiat. In ea veritatis beatae autem consequuntur reprehenderit tenetur."
"Dr. Cristian Brekke",gerhold.winona@walter.info,"(818) 301-8725","In ratione cum hic fugiat eum. Rem esse corrupti dolor et. Alias tempore praesentium quaerat quo delectus corrupti."
"Jarvis Effertz",rosina.kuhn@macejkovic.com,"(754) 784-3266","Possimus nesciunt molestias occaecati qui quas eveniet quia omnis. Aut tempora cum aut voluptatum. Consequatur minima aut ratione impedit natus sed."